Metrics,Scan Division,Metric type,Raw point cloud/Voxelized point cloud,Description (simplified),Description (Detailed),,,,,,,,,,
h_filename,Entire point cloud,NA,NA,File name of the scan,"File name of the scan that includes location ID, plot number, scan date and laser type",,,,,,,,,,1
h_ground_cnt,Entire point cloud,General,Raw,Number of points classified as ground,The number of points in a raw point cloud that were classified as ground points using a cloth simulation filter,,,,,,,,,,1
h_not_ground_cnt,Entire point cloud,General,Raw,Number of points not classified as ground,The number of points in a raw point cloud that were not classified as ground points using a cloth simulation filter,,,,,,,,,,1
h_per_ground,Entire point cloud,General,Raw,Percent of ground points in the scan,The percentage of points in the scan that were classified as ground points using a cloth simulation filter,,,,,,,,,,1
h_ng_tgi,Entire point cloud,General,Raw,Triangular greenness index of points classified as not ground,Triangular greenness index of points classified as not ground utilizing RGB values from the point cloud,,,,,,,,,,1
h_ng_vari,Entire point cloud,General,Raw,Visual atmospheric resistance index of points not classified as ground,Visual atmospheric resistance index of points classified as not ground utilizing RGB values from the point cloud,,,,,,,,,,1
h_l1_cnt,0-0.5 m height strata,Height strata,Raw,Count of points in height strata,Count of points in height strata 0-0.5 m of the normalized point cloud,,,,,,,,,,1
h_l1_per,0-0.5 m height strata,Height strata,Raw,Percent of points in height strata,Percent of points in height strata 0-0.5 m of the normalized point cloud,,,,,,,,,,1
h_l1_mean,0-0.5 m height strata,Height strata,Raw,Mean height of points in height strata,Mean height of points in height strata 0-0.5 m of the normalized point cloud,,,,,,,,,,1
h_l1_median,0-0.5 m height strata,Height strata,Raw,Median height of points in height strata,Median height of points in height strata 0-0.5 m of the normalized point cloud,,,,,,,,,,1
h_l1_std,0-0.5 m height strata,Height strata,Raw,Standard deviation of points in height strata,Standard deviation of points in height strata 0-0.5 m of the normalized point cloud,,,,,,,,,,1
h_l1_tgi,0-0.5 m height strata,Height strata,Raw,Triangular greenness index of points in height strata,Triangular greenness index of points in height strata 0-0.5 m of the normalized point cloud,,,,,,,,,,1
h_l1_vari,0-0.5 m height strata,Height strata,Raw,Visual atmospheric resistance index of points in height strata,Visual atmospheric resistance index of points in height strata 0-0.5 m of the normalized point cloud,,,,,,,,,,1
h_l1_skew,0-0.5 m height strata,Height strata,Raw,Skewness of point heights in height strata,Skewness of point heights in height strata 0-0.5 m of the normalized point cloud,,,,,,,,,,1
h_l1_kurt,0-0.5 m height strata,Height strata,Raw,Kurtosis of point heights in height strata,Kurtosis of point heights in height strata 0-0.5 m of the normalized point cloud,,,,,,,,,,1
h_l2_cnt,0.5-1.0 m height strata,Height strata,Raw,Count of points in height strata,Count of points in height strata 0.5-1.0 m of the normalized point cloud,,,,,,,,,,1
h_l2_per,0.5-1.0 m height strata,Height strata,Raw,Percent of points in height strata,Percent of points in height strata 0.5-1.0 m of the normalized point cloud,,,,,,,,,,1
h_l2_mean,0.5-1.0 m height strata,Height strata,Raw,Mean height of points in height strata,Mean height of points in height strata 0.5-1.0 m of the normalized point cloud,,,,,,,,,,1
h_l2_median,0.5-1.0 m height strata,Height strata,Raw,Median height of points in height strata,Median height of points in height strata 0.5-1.0 m of the normalized point cloud,,,,,,,,,,1
h_l2_std,0.5-1.0 m height strata,Height strata,Raw,Standard deviation of points in height strata,Standard deviation of points in height strata 0.5-1.0 m of the normalized point cloud,,,,,,,,,,1
h_l2_tgi,0.5-1.0 m height strata,Height strata,Raw,Triangular greenness index of points in height strata,Triangular greenness index of points in height strata 0.5-1.0 m of the normalized point cloud,,,,,,,,,,1
h_l2_vari,0.5-1.0 m height strata,Height strata,Raw,Visual atmospheric resistance index of points in height strata,Visual atmospheric resistance index of points in height strata 0.5-1.0 m of the normalized point cloud,,,,,,,,,,1
h_l2_skew,0.5-1.0 m height strata,Height strata,Raw,Skewness of point heights in height strata,Skewness of point heights in height strata 0.5-1.0 m of the normalized point cloud,,,,,,,,,,1
h_l2_kurt,0.5-1.0 m height strata,Height strata,Raw,Kurtosis of point heights in height strata,Kurtosis of point heights in height strata 0.5-1.0 m of the normalized point cloud,,,,,,,,,,1
h_l3_cnt,1.0-1.5 m height strata,Height strata,Raw,Count of points in height strata,Count of points in height strata 1.0-1.5 m of the normalized point cloud,,,,,,,,,,1
h_l3_per,1.0-1.5 m height strata,Height strata,Raw,Percent of points in height strata,Percent of points in height strata 1.0-1.5 m of the normalized point cloud,,,,,,,,,,1
h_l3_mean,1.0-1.5 m height strata,Height strata,Raw,Mean height of points in height strata,Mean height of points in height strata 1.0-1.5 m of the normalized point cloud,,,,,,,,,,1
h_l3_median,1.0-1.5 m height strata,Height strata,Raw,Median height of points in height strata,Median height of points in height strata 1.0-1.5 m of the normalized point cloud,,,,,,,,,,1
h_l3_std,1.0-1.5 m height strata,Height strata,Raw,Standard deviation of points in height strata,Standard deviation of points in height strata 1.0-1.5 m of the normalized point cloud,,,,,,,,,,1
h_l3_tgi,1.0-1.5 m height strata,Height strata,Raw,Triangular greenness index of points in height strata,Triangular greenness index of points in height strata 1.0-1.5 m of the normalized point cloud,,,,,,,,,,1
h_l3_vari,1.0-1.5 m height strata,Height strata,Raw,Visual atmospheric resistance index of points in height strata,Visual atmospheric resistance index of points in height strata 1.0-1.5 m of the normalized point cloud,,,,,,,,,,1
h_l3_skew,1.0-1.5 m height strata,Height strata,Raw,Skewness of point heights in height strata,Skewness of point heights in height strata 1.0-1.5 m of the normalized point cloud,,,,,,,,,,1
h_l3_kurt,1.0-1.5 m height strata,Height strata,Raw,Kurtosis of point heights in height strata,Kurtosis of point heights in height strata 1.0-1.5 m of the normalized point cloud,,,,,,,,,,1
h_l4_cnt,1.5-2.0 m height strata,Height strata,Raw,Count of points in height strata,Count of points in height strata 1.5-2.0 m of the normalized point cloud,,,,,,,,,,1
h_l4_per,1.5-2.0 m height strata,Height strata,Raw,Percent of points in height strata,Percent of points in height strata 1.5-2.0 m of the normalized point cloud,,,,,,,,,,1
h_l4_mean,1.5-2.0 m height strata,Height strata,Raw,Mean height of points in height strata,Mean height of points in height strata 1.5-2.0 m of the normalized point cloud,,,,,,,,,,1
h_l4_median,1.5-2.0 m height strata,Height strata,Raw,Median height of points in height strata,Median height of points in height strata 1.5-2.0 m of the normalized point cloud,,,,,,,,,,1
h_l4_std,1.5-2.0 m height strata,Height strata,Raw,Standard deviation of points in height strata,Standard deviation of points in height strata 1.5-2.0 m of the normalized point cloud,,,,,,,,,,1
h_l4_tgi,1.5-2.0 m height strata,Height strata,Raw,Triangular greenness index of points in height strata,Triangular greenness index of points in height strata 1.5-2.0 m of the normalized point cloud,,,,,,,,,,1
h_l4_vari,1.5-2.0 m height strata,Height strata,Raw,Visual atmospheric resistance index of points in height strata,Visual atmospheric resistance index of points in height strata 1.5-2.0 m of the normalized point cloud,,,,,,,,,,1
h_l4_skew,1.5-2.0 m height strata,Height strata,Raw,Skewness of point heights in height strata,Skewness of point heights in height strata 1.5-2.0 m of the normalized point cloud,,,,,,,,,,1
h_l4_kurt,1.5-2.0 m height strata,Height strata,Raw,Kurtosis of point heights in height strata,Kurtosis of point heights in height strata 1.5-2.0 m of the normalized point cloud,,,,,,,,,,1
h_l5_cnt,>2.0 m height strata,Height strata,Raw,Count of points in height strata,Count of points in height strata >2.0 m of the normalized point cloud,,,,,,,,,,1
h_l5_per,>2.0 m height strata,Height strata,Raw,Percent of points in height strata,Percent of points in height strata >2.0 m of the normalized point cloud,,,,,,,,,,1
h_l5_mean,>2.0 m height strata,Height strata,Raw,Mean height of points in height strata,Mean height of points in height strata >2.0 m of the normalized point cloud,,,,,,,,,,1
h_l5_median,>2.0 m height strata,Height strata,Raw,Median height of points in height strata,Median height of points in height strata >2.0 m of the normalized point cloud,,,,,,,,,,1
h_l5_std,>2.0 m height strata,Height strata,Raw,Standard deviation of points in height strata,Standard deviation of points in height strata >2.0 m of the normalized point cloud,,,,,,,,,,1
h_l5_tgi,>2.0 m height strata,Height strata,Raw,Triangular greenness index of points in height strata,Triangular greenness index of points in height strata >2.0 m of the normalized point cloud,,,,,,,,,,1
h_l5_vari,>2.0 m height strata,Height strata,Raw,Visual atmospheric resistance index of points in height strata,Visual atmospheric resistance index of points in height strata >2.0 m of the normalized point cloud,,,,,,,,,,1
h_l5_skew,>2.0 m height strata,Height strata,Raw,Skewness of point heights in height strata,Skewness of point heights in height strata >2.0 m of the normalized point cloud,,,,,,,,,,1
h_l5_kurt,>2.0 m height strata,Height strata,Raw,Kurtosis of point heights in height strata,Kurtosis of point heights in height strata >2.0 m of the normalized point cloud,,,,,,,,,,1
h_GC_cnt,0-1.0 m height strata,Height strata,Raw,Count of points in height strata,Count of points in height strata 0-1.0 m of the normalized point cloud,,,,,,,,,,1
h_GC_per,0-1.0 m height strata,Height strata,Raw,Percent of points in height strata,Percent of points in height strata 0-1.0 m of the normalized point cloud,,,,,,,,,,1
h_GC_mean,0-1.0 m height strata,Height strata,Raw,Mean height of points in height strata,Mean height of points in height strata 0-1.0 m of the normalized point cloud,,,,,,,,,,1
h_GC_median,0-1.0 m height strata,Height strata,Raw,Median height of points in height strata,Median height of points in height strata 0-1.0 m of the normalized point cloud,,,,,,,,,,1
h_GC_std,0-1.0 m height strata,Height strata,Raw,Standard deviation of points in height strata,Standard deviation of points in height strata 0-1.0 m of the normalized point cloud,,,,,,,,,,1
h_GC_tgi,0-1.0 m height strata,Height strata,Raw,Triangular greenness index of points in height strata,Triangular greenness index of points in height strata 0-1.0 m of the normalized point cloud,,,,,,,,,,1
h_GC_vari,0-1.0 m height strata,Height strata,Raw,Visual atmospheric resistance index of points in height strata,Visual atmospheric resistance index of points in height strata 0-1.0 m of the normalized point cloud,,,,,,,,,,1
h_GC_skew,0-1.0 m height strata,Height strata,Raw,Skewness of point heights in height strata,Skewness of point heights in height strata 0-1.0 m of the normalized point cloud,,,,,,,,,,1
h_GC_kurt,0-1.0 m height strata,Height strata,Raw,Kurtosis of point heights in height strata,Kurtosis of point heights in height strata 0-1.0 m of the normalized point cloud,,,,,,,,,,1
h_US_cnt,1.0-3.0 m height strata,Height strata,Raw,Count of points in height strata,Count of points in height strata 1.0-3.0 m of the normalized point cloud,,,,,,,,,,1
h_US_per,1.0-3.0 m height strata,Height strata,Raw,Percent of points in height strata,Percent of points in height strata 1.0-3.0 m of the normalized point cloud,,,,,,,,,,1
h_US_mean,1.0-3.0 m height strata,Height strata,Raw,Mean height of points in height strata,Mean height of points in height strata 1.0-3.0 m of the normalized point cloud,,,,,,,,,,1
h_US_median,1.0-3.0 m height strata,Height strata,Raw,Median height of points in height strata,Median height of points in height strata 1.0-3.0 m of the normalized point cloud,,,,,,,,,,1
h_US_std,1.0-3.0 m height strata,Height strata,Raw,Standard deviation of points in height strata,Standard deviation of points in height strata 1.0-3.0 m of the normalized point cloud,,,,,,,,,,1
h_US_tgi,1.0-3.0 m height strata,Height strata,Raw,Triangular greenness index of points in height strata,Triangular greenness index of points in height strata 1.0-3.0 m of the normalized point cloud,,,,,,,,,,1
h_US_vari,1.0-3.0 m height strata,Height strata,Raw,Visual atmospheric resistance index of points in height strata,Visual atmospheric resistance index of points in height strata 1.0-3.0 m of the normalized point cloud,,,,,,,,,,1
h_US_skew,1.0-3.0 m height strata,Height strata,Raw,Skewness of point heights in height strata,Skewness of point heights in height strata 1.0-3.0 m of the normalized point cloud,,,,,,,,,,1
h_US_kurt,1.0-3.0 m height strata,Height strata,Raw,Kurtosis of point heights in height strata,Kurtosis of point heights in height strata 1.0-3.0 m of the normalized point cloud,,,,,,,,,,1
h_MS_cnt,3.0-9.0 m height strata,Height strata,Raw,Count of points in height strata,Count of points in height strata 3.0-9.0 m of the normalized point cloud,,,,,,,,,,1
h_MS_per,3.0-9.0 m height strata,Height strata,Raw,Percent of points in height strata,Percent of points in height strata 3.0-9.0 m of the normalized point cloud,,,,,,,,,,1
h_MS_mean,3.0-9.0 m height strata,Height strata,Raw,Mean height of points in height strata,Mean height of points in height strata 3.0-9.0 m of the normalized point cloud,,,,,,,,,,1
h_MS_median,3.0-9.0 m height strata,Height strata,Raw,Median height of points in height strata,Median height of points in height strata 3.0-9.0 m of the normalized point cloud,,,,,,,,,,1
h_MS_std,3.0-9.0 m height strata,Height strata,Raw,Standard deviation of points in height strata,Standard deviation of points in height strata 3.0-9.0 m of the normalized point cloud,,,,,,,,,,1
h_MS_tgi,3.0-9.0 m height strata,Height strata,Raw,Triangular greenness index of points in height strata,Triangular greenness index of points in height strata 3.0-9.0 m of the normalized point cloud,,,,,,,,,,1
h_MS_vari,3.0-9.0 m height strata,Height strata,Raw,Visual atmospheric resistance index of points in height strata,Visual atmospheric resistance index of points in height strata 3.0-9.0 m of the normalized point cloud,,,,,,,,,,1
h_MS_skew,3.0-9.0 m height strata,Height strata,Raw,Skewness of point heights in height strata,Skewness of point heights in height strata 3.0-9.0 m of the normalized point cloud,,,,,,,,,,1
h_MS_kurt,3.0-9.0 m height strata,Height strata,Raw,Kurtosis of point heights in height strata,Kurtosis of point heights in height strata 3.0-9.0 m of the normalized point cloud,,,,,,,,,,1
h_OS_cnt,>9.0 m height strata,Height strata,Raw,Count of points in height strata,Count of points in height strata >9.0 m of the normalized point cloud,,,,,,,,,,1
h_OS_per,>9.0 m height strata,Height strata,Raw,Percent of points in height strata,Percent of points in height strata >9.0 m of the normalized point cloud,,,,,,,,,,1
h_OS_mean,>9.0 m height strata,Height strata,Raw,Mean height of points in height strata,Mean height of points in height strata >9.0 m of the normalized point cloud,,,,,,,,,,1
h_OS_median,>9.0 m height strata,Height strata,Raw,Median height of points in height strata,Median height of points in height strata >9.0 m of the normalized point cloud,,,,,,,,,,1
h_OS_std,>9.0 m height strata,Height strata,Raw,Standard deviation of points in height strata,Standard deviation of points in height strata >9.0 m of the normalized point cloud,,,,,,,,,,1
h_OS_tgi,>9.0 m height strata,Height strata,Raw,Triangular greenness index of points in height strata,Triangular greenness index of points in height strata >9.0 m of the normalized point cloud,,,,,,,,,,1
h_OS_vari,>9.0 m height strata,Height strata,Raw,Visual atmospheric resistance index of points in height strata,Visual atmospheric resistance index of points in height strata >9.0 m of the normalized point cloud,,,,,,,,,,1
h_OS_skew,>9.0 m height strata,Height strata,Raw,Skewness of point heights in height strata,Skewness of point heights in height strata >9.0 m of the normalized point cloud,,,,,,,,,,1
h_OS_kurt,>9.0 m height strata,Height strata,Raw,Kurtosis of point heights in height strata,Kurtosis of point heights in height strata >9.0 m of the normalized point cloud,,,,,,,,,,1
h_zmax,Entire point cloud,General,Raw,Maximum height of the normalized point cloud,The height of the highest point in the normalized point cloud,,,,,,,,,,1
h_zmean,Entire point cloud,General,Raw,Mean height of the normalized point cloud,The mean height of all points in the normalized point cloud (includes ground points),,,,,,,,,,1
h_zsd,Entire point cloud,General,Raw,Standard deviation of the height of points in the normalized point cloud,The standard deviation of all points in the normalized point cloud (includes ground points),,,,,,,,,,1
h_zskew,Entire point cloud,General,Raw,Skewness of point heights in the point cloud,The skewness of all points in the normalized point cloud (includes ground points),,,,,,,,,,1
h_zkurt,Entire point cloud,General,Raw,Kurtosis of point heights in the point cloud,The kurtosis of all points in the normalized point cloud (includes ground points),,,,,,,,,,1
h_pzabovezmean,Entire point cloud,General,Raw,Percent of points above two standard deviations above the mean height of the point cloud,The percent of points above two standard deviations above the mean height of the normalized point cloud (includes ground points),,,,,,,,,,1
h_pzabove2,Entire point cloud,General,Raw,Percent of points above the mean height of the point cloud,The percent of points above the mean height of the normalized point cloud (includes ground points),,,,,,,,,,1
h_zq5,Quantiles of point cloud,General,Raw,Fifth percentile height of points in the point cloud,The Fifth percentile height of points in the point cloud (includes ground points),,,,,,,,,,1
h_zq10,Quantiles of point cloud,General,Raw,Tenth percentile height of points in the point cloud,The Tenth percentile height of points in the point cloud (includes ground points),,,,,,,,,,1
h_zq15,Quantiles of point cloud,General,Raw,Fifteenth percentile height of points in the point cloud,The Fifteenth percentile height of points in the point cloud (includes ground points),,,,,,,,,,1
h_zq20,Quantiles of point cloud,General,Raw,Twentieth percentile height of points in the point cloud,The Twentieth percentile height of points in the point cloud (includes ground points),,,,,,,,,,1
h_zq25,Quantiles of point cloud,General,Raw,Twenty-fifth percentile height of points in the point cloud,The Twenty-fifth percentile height of points in the point cloud (includes ground points),,,,,,,,,,1
h_zq30,Quantiles of point cloud,General,Raw,Thirtieth percentile height of points in the point cloud,The Thirtieth percentile height of points in the point cloud (includes ground points),,,,,,,,,,1
h_zq35,Quantiles of point cloud,General,Raw,Thirty-fifth percentile height of points in the point cloud,The Thirty-fifth percentile height of points in the point cloud (includes ground points),,,,,,,,,,1
h_zq40,Quantiles of point cloud,General,Raw,Fortieth percentile height of points in the point cloud,The Fortieth percentile height of points in the point cloud (includes ground points),,,,,,,,,,1
h_zq45,Quantiles of point cloud,General,Raw,Forty-fifth percentile height of points in the point cloud,The Forty-fifth percentile height of points in the point cloud (includes ground points),,,,,,,,,,1
h_zq50,Quantiles of point cloud,General,Raw,Fiftieth percentile height of points in the point cloud,The Fiftieth percentile height of points in the point cloud (includes ground points),,,,,,,,,,1
h_zq55,Quantiles of point cloud,General,Raw,Fifty-fifth percentile height of points in the point cloud,The Fifty-fifth percentile height of points in the point cloud (includes ground points),,,,,,,,,,1
h_zq60,Quantiles of point cloud,General,Raw,Sixtieth percentile height of points in the point cloud,The Sixtieth percentile height of points in the point cloud (includes ground points),,,,,,,,,,1
h_zq65,Quantiles of point cloud,General,Raw,Sixty-fifth percentile height of points in the point cloud,The Sixty-fifth percentile height of points in the point cloud (includes ground points),,,,,,,,,,1
h_zq70,Quantiles of point cloud,General,Raw,Seventieth percentile height of points in the point cloud,The Seventieth percentile height of points in the point cloud (includes ground points),,,,,,,,,,1
h_zq75,Quantiles of point cloud,General,Raw,Seventy-fifth percentile height of points in the point cloud,The Seventy-fifth percentile height of points in the point cloud (includes ground points),,,,,,,,,,1
h_zq80,Quantiles of point cloud,General,Raw,Eightieth percentile height of points in the point cloud,The Eightieth percentile height of points in the point cloud (includes ground points),,,,,,,,,,1
h_zq85,Quantiles of point cloud,General,Raw,Eighty-fifth percentile height of points in the point cloud,The Eighty-fifth percentile height of points in the point cloud (includes ground points),,,,,,,,,,1
h_zq90,Quantiles of point cloud,General,Raw,Ninetieth percentile height of points in the point cloud,The Ninetieth percentile height of points in the point cloud (includes ground points),,,,,,,,,,1
h_zq95,Quantiles of point cloud,General,Raw,Ninety-fifth percentile height of points in the point cloud,The Ninety-fifth percentile height of points in the point cloud (includes ground points),,,,,,,,,,1
h_zpcum1,Entire point cloud,General,Raw,Percent of points below the tenth height percentile,Percent of points below the tenth height percentile (includes ground points),,,,,,,,,,1
h_zpcum2,Entire point cloud,General,Raw,Percent of points below the twentieth height percentile,Percent of points below the twentieth height percentile (includes ground points),,,,,,,,,,1
h_zpcum3,Entire point cloud,General,Raw,Percent of points below the thirtieth height percentile,Percent of points below the thirtieth height percentile (includes ground points),,,,,,,,,,1
h_zpcum4,Entire point cloud,General,Raw,Percent of points below the fortieth height percentile,Percent of points below the fortieth height percentile (includes ground points),,,,,,,,,,1
h_zpcum5,Entire point cloud,General,Raw,Percent of points below the fiftieth height percentile,Percent of points below the fiftieth height percentile (includes ground points),,,,,,,,,,1
h_zpcum6,Entire point cloud,General,Raw,Percent of points below the sixtieth height percentile,Percent of points below the sixtieth height percentile (includes ground points),,,,,,,,,,1
h_zpcum7,Entire point cloud,General,Raw,Percent of points below the seventieth height percentile,Percent of points below the seventieth height percentile (includes ground points),,,,,,,,,,1
h_zpcum8,Entire point cloud,General,Raw,Percent of points below the eightieth height percentile,Percent of points below the eightieth height percentile (includes ground points),,,,,,,,,,1
h_zpcum9,Entire point cloud,General,Raw,Percent of points below the ninetieth height percentile,Percent of points below the ninetieth height percentile (includes ground points),,,,,,,,,,1
per_gap,Entire point cloud,General,Raw,Percent of unreturned points,Percent of unreturned points to the total number of pulses in the entire scan,,,,,,,,,,1
s_lng_na_per,Entire point cloud,General,Raster,Percent of area of occluded points,Percent of non-ground points in areas occluded by previous returns in the entire scan,,,,,,,,,,1
s_lng_zero_per,Entire point cloud,General,Raster,Percent of true open space,Percent of non-ground points that pass through a layer but are not returned ,,,,,,,,,,1
s_lng_prop_mn,Entire point cloud,General,Raster,Mean proportion of non-occluded area,Mean proportion of returned pulses for all locations that are not zero or occluded in that layer,,,,,,,,,,1
s_lng_prop_sd,Entire point cloud,General,Raster,Standard deviation of the proportion of non-occluded area,Standard deviation of returned pulses for all locations that are not zero or occluded in that layer,,,,,,,,,,1
s_lng_prop_sk,Entire point cloud,General,Raster,Skewness of the proportion of non-occluded area,Skewness proportion of returned pulses for all locations that are not zero or occluded in that layer,,,,,,,,,,1
s_lng_prop_ku,Entire point cloud,General,Raster,Kurtosis of the proportion of non-occluded area,Kurtosis proportion of returned pulses for all locations that are not zero or occluded in that layer,,,,,,,,,,1
s_l1_na_per,Spherical distance level 1,Occlusion,Raw,Percent of non-ground points occluded in strata,Percent of non-ground points occluded in strata level 1 from origin,,,,,,,,,,1
s_l1_zero_per,Spherical distance level 1,Occlusion,Raw,Percent of unreturned non-ground points (true empty space) in strata,Percent of unreturned non-ground points (true empty space) in strata level 1 from origin,,,,,,,,,,1
s_l1_prop_mn,Spherical distance level 1,Occlusion,Raw,Mean proportion of occluded and no returns in strata,Mean proportion of occluded and no returns in strata level 1 from origin,,,,,,,,,,1
s_l1_prop_sd,Spherical distance level 1,Occlusion,Raw,Standard deviation of proportion of occluded and no returns in strata,Standard deviation of proportion of occluded and no returns in strata level 1 from origin,,,,,,,,,,1
s_l1_prop_sk,Spherical distance level 1,Occlusion,Raw,Skewness of proportion of occluded and no returns in strata,Skewness of proportion of occluded and no returns in strata level 1 from origin,,,,,,,,,,1
s_l1_prop_ku,Spherical distance level 1,Occlusion,Raw,Kurtosis of proportion of occluded and no returns in strata,Kurtosis of proportion of occluded and no returns in strata level 1 from origin,,,,,,,,,,1
s_l2_na_per,Spherical distance level 2,Occlusion,Raw,Percent of non-ground points occluded in strata ,Percent of non-ground points occluded in strata  level 2 from origin,,,,,,,,,,1
s_l2_zero_per,Spherical distance level 2,Occlusion,Raw,Percent of unreturned non-ground points (true empty space) in strata,Percent of unreturned non-ground points (true empty space) in strata level 2 from origin,,,,,,,,,,1
s_l2_prop_mn,Spherical distance level 2,Occlusion,Raw,Mean proportion of occluded and no returns in strata,Mean proportion of occluded and no returns in strata level 2 from origin,,,,,,,,,,1
s_l2_prop_sd,Spherical distance level 2,Occlusion,Raw,Standard deviation of proportion of occluded and no returns in strata,Standard deviation of proportion of occluded and no returns in strata level 2 from origin,,,,,,,,,,1
s_l2_prop_sk,Spherical distance level 2,Occlusion,Raw,Skewness of proportion of occluded and no returns in strata,Skewness of proportion of occluded and no returns in strata level 2 from origin,,,,,,,,,,1
s_l2_prop_ku,Spherical distance level 2,Occlusion,Raw,Kurtosis of proportion of occluded and no returns in strata,Kurtosis of proportion of occluded and no returns in strata level 2 from origin,,,,,,,,,,1
s_l3_na_per,Spherical distance level 3,Occlusion,Raw,Percent of non-ground points occluded in strata,Percent of non-ground points occluded in strata level 2 from origin,,,,,,,,,,1
s_l3_zero_per,Spherical distance level 3,Occlusion,Raw,Percent of unreturned non-ground points (true empty space) in strata,Percent of unreturned non-ground points (true empty space) in strata level 3 from origin,,,,,,,,,,1
s_l3_prop_mn,Spherical distance level 3,Occlusion,Raw,Mean proportion of occluded and no returns in strata,Mean proportion of occluded and no returns in strata level 3 from origin,,,,,,,,,,1
s_l3_prop_sd,Spherical distance level 3,Occlusion,Raw,Standard deviation of proportion of occluded and no returns in strata,Standard deviation of proportion of occluded and no returns in strata level 3 from origin,,,,,,,,,,1
s_l3_prop_sk,Spherical distance level 3,Occlusion,Raw,Skewness of proportion of occluded and no returns in strata,Skewness of proportion of occluded and no returns in strata level 3 from origin,,,,,,,,,,1
s_l3_prop_ku,Spherical distance level 3,Occlusion,Raw,Kurtosis of proportion of occluded and no returns in strata,Kurtosis of proportion of occluded and no returns in strata level 3 from origin,,,,,,,,,,1
s_l4_na_per,Spherical distance level 4,Occlusion,Raw,Percent of non-ground points occluded in strata ,Percent of non-ground points occluded in strata  level 4 from origin,,,,,,,,,,1
s_l4_zero_per,Spherical distance level 4,Occlusion,Raw,Percent of unreturned non-ground points (true empty space) in strata,Percent of unreturned non-ground points (true empty space) in strata level 4 from origin,,,,,,,,,,1
s_l4_prop_mn,Spherical distance level 4,Occlusion,Raw,Mean proportion of occluded and no returns in strata,Mean proportion of occluded and no returns in strata level 4 from origin,,,,,,,,,,1
s_l4_prop_sd,Spherical distance level 4,Occlusion,Raw,Standard deviation of proportion of occluded and no returns in strata,Standard deviation of proportion of occluded and no returns in strata level 4 from origin,,,,,,,,,,1
s_l4_prop_sk,Spherical distance level 4,Occlusion,Raw,Skewness of proportion of occluded and no returns in strata,Skewness of proportion of occluded and no returns in strata level 4 from origin,,,,,,,,,,1
s_l4_prop_ku,Spherical distance level 4,Occlusion,Raw,Kurtosis of proportion of occluded and no returns in strata,Kurtosis of proportion of occluded and no returns in strata level 4 from origin,,,,,,,,,,1
s_l5_na_per,Spherical distance level 5,Occlusion,Raw,Percent of non-ground points occluded in strata ,Percent of non-ground points occluded in strata  level 5 from origin,,,,,,,,,,1
s_l5_zero_per,Spherical distance level 5,Occlusion,Raw,Percent of unreturned non-ground points (true empty space) in strata,Percent of unreturned non-ground points (true empty space) in strata level 5 from origin,,,,,,,,,,1
s_l5_prop_mn,Spherical distance level 5,Occlusion,Raw,Mean proportion of occluded and no returns in strata,Mean proportion of occluded and no returns in strata level 5 from origin,,,,,,,,,,1
s_l5_prop_sd,Spherical distance level 5,Occlusion,Raw,Standard deviation of proportion of occluded and no returns in strata,Standard deviation of proportion of occluded and no returns in strata level 5 from origin,,,,,,,,,,1
s_l5_prop_sk,Spherical distance level 5,Occlusion,Raw,Skewness of proportion of occluded and no returns in strata,Skewness of proportion of occluded and no returns in strata level 5 from origin,,,,,,,,,,1
s_l5_prop_ku,Spherical distance level 5,Occlusion,Raw,Kurtosis of proportion of occluded and no returns in strata,Kurtosis of proportion of occluded and no returns in strata level 5 from origin,,,,,,,,,,1
vox_l1_cnt,Entire voxelized point cloud,General,Voxelized,Mean height of voxelized point cloud,Number of TLS points in the entire voxelized point cloud,,,,,,,,,,1
vox_l1_mean,Entire voxelized point cloud,General,Voxelized,Mean height of voxelized point cloud,Mean height of TLS points in the entire voxelized point cloud,,,,,,,,,,1
vox_l1_median,Entire voxelized point cloud,General,Voxelized,Median height of voxelized point cloud,Median height of TLS points in the entire voxelized point cloud,,,,,,,,,,1
vox_l1_std,Entire voxelized point cloud,General,Voxelized,SD of heights in voxelized point cloud,Standard deviation of height of TLS points in the entire voxelized point cloud,,,,,,,,,,1
vox_l1_tgi,Entire voxelized point cloud,General,Voxelized,Triangular greenness index of points in voxelized point cloud,Triangular greenness index of TLS points in the entire voxelized point cloud,,,,,,,,,,1
vox_l1_vari,Entire voxelized point cloud,General,Voxelized,Visual atmospheric resistance index of points in voxelized point cloud,Visual atmospheric resistance index of TLS points in the entire voxelized point cloud,,,,,,,,,,1
vox_l1_skew,Entire voxelized point cloud,General,Voxelized,Skewness of heights in voxelized point cloud,Skewness of height of TLS points in the entire voxelized point cloud,,,,,,,,,,1
vox_l1_kurt,Entire voxelized point cloud,General,Voxelized,Kurtosis of heights in voxelized point cloud,Kurtosis of height of TLS points in the entire voxelized point cloud,,,,,,,,,,1
TBA,Tree data,Trees,Voxelized,Total basal area in the voxelized point cloud (sq. m),Total basal area of all detected overstory trees calculated from classified stem points in the point cloud,,,,,,,,,,1
Basalarea,Tree data,Trees,Voxelized,Basal area estimated from the tree inventory (sq. ft/acre),"Total basal area of detected overstory trees corrected for possible occlusion, converted to imperial measurements and scaled to acres",,,,,,,,,,1
MeanTH,Tree data,Trees,Voxelized,Mean tree height,The mean height of all detected overstory trees in the scan,,,,,,,,,,1
MDBH,Tree data,Trees,Voxelized,Mean dbh,The mean Diameter at breast height (1.37 m) of all detected overstory trees in the scan,,,,,,,,,,1
TreesN,Tree data,Trees,Voxelized,Number of trees,The number of detected overstory trees in the scan,,,,,,,,,,1
MaxTH,Tree data,Trees,Voxelized,Maximum tree height,The height of the tallest detected overstory tree,,,,,,,,,,1
SDHT,Tree data,Trees,Voxelized,Standard deviation of tree heights,The standard deviation of heights of all the detected overstory trees,,,,,,,,,,1
CBH,Tree data,Trees,Voxelized,Canopy base height,The canopy base height in the scan (currently estimated using the mean tree height minus the standard deviation of tree heights),,,,,,,,,,1
LAI,Entire voxelized point cloud,General,Voxelized,Calculated leaf area index of the point cloud,The leaf area index calculated from the entire point cloud,,,,,,,,,,1
ULAI,Entire voxelized point cloud,General,Voxelized,Understory leaf area index,The leaf area index calculated from the understory (1-3 m) strata,,,,,,,,,,1
MLAI,Entire voxelized point cloud,General,Voxelized,Midstory leaf area index,The leaf area index calculated from the midstory (3-9 m) strata,,,,,,,,,,1
OLAI,Entire voxelized point cloud,General,Voxelized,Overstory leaf area index,The leaf area index calculated from the overstory (>9 m) strata,,,,,,,,,,1
FHD,Entire voxelized point cloud,General,Voxelized,Foliage height diversity,"The foliage height diversity (FHD) metric from abundances considered as per-voxel relative LAD values, as described in MacArthur and MacArthur (1961) ",,,,,,,,,,1
GiSimp,Entire voxelized point cloud,General,Voxelized,Gini-Simpson index of foliage structural diversity ,The Gini-Simpson (GS) index metric (Simpson diversity from abundances using voxel relative leaf area density),,,,,,,,,,1
LAHV,Entire voxelized point cloud,General,Voxelized,Leaf Area Height Volume metric,The leaf area height volume (LAHV) metric as described in Almeida et al. (2019) calculated from the entire point cloud,,,,,,,,,,1
Gcvol,0-1 m high voxelized point clouds with tree stems removed,,,,,,,,,,,,,,1
USvol,1-3 m high voxelized point clouds with tree stems removed,,,,,,,,,,,,,,1
Msvol,3-9 m high voxelized point clouds with tree stems removed,,,,,,,,,,,,,,1
Osvol,> 9 m high voxelized point clouds with tree stems removed,,,,,,,,,,,,,,1
fuel0_3l1_cnt,0-3 m high voxelized point clouds with tree stems removed,General,Voxelized,Count of points in height strata,Count of points in the 0-3 m high voxelized point clouds with tree stems removed,,,,,,,,,,1
fuel0_3l1_mean,0-3 m high voxelized point clouds with tree stems removed,General,Voxelized,Mean height of points in height strata,Mean height of points in the 0-3 m high voxelized point clouds with tree stems removed,,,,,,,,,,1
fuel0_3l1_median,0-3 m high voxelized point clouds with tree stems removed,General,Voxelized,Median height of points in height strata,Median height of points in height strata0-3 m high voxelized point clouds with tree stems removed,,,,,,,,,,1
fuel0_3l1_std,0-3 m high voxelized point clouds with tree stems removed,General,Voxelized,Standard deviation of the heights of points in height strata,Standard deviation of the heights of points in the 0-3 m high voxelized point clouds with tree stems removed,,,,,,,,,,1
fuel0_3l1_tgi,0-3 m high voxelized point clouds with tree stems removed,General,Voxelized,Triangular greenness index of points in height strata,Triangular greenness index of points in the 0-3 m high voxelized point clouds with tree stems removed,,,,,,,,,,1
fuel0_3l1_vari,0-3 m high voxelized point clouds with tree stems removed,General,Voxelized,Visual atmospheric resistance index of points in height strata,Visual atmospheric resistance index of points in the 0-3 m high voxelized point clouds with tree stems removed,,,,,,,,,,1
fuel0_3l1_skew,0-3 m high voxelized point clouds with tree stems removed,General,Voxelized,Skewness of point heights in height strata,Skewness of point heights in the 0-3 m high voxelized point clouds with tree stems removed,,,,,,,,,,1
fuel0_3l1_kurt,0-3 m high voxelized point clouds with tree stems removed,General,Voxelized,Kurtosis of point heights in height strata,Kurtosis of point heights in the 0-3 m high voxelized point clouds with tree stems removed,,,,,,,,,,1
shrubs_l1_cnt,Shrub classified voxelized point cloud,General,Voxelized,Count of points in height strata,Count of points in the Shrub classified voxelized point cloud,,,,,,,,,,1
shrubs_l1_mean,Shrub classified voxelized point cloud,General,Voxelized,Mean height of points in height strata,Mean height of points in the Shrub classified voxelized point cloud,,,,,,,,,,1
shrubs_l1_median,Shrub classified voxelized point cloud,General,Voxelized,Median height of points in height strata,Median height of points in the Shrub classified voxelized point cloud,,,,,,,,,,1
shrubs_l1_std,Shrub classified voxelized point cloud,General,Voxelized,Standard deviation of the heights of points in height strata,Standard deviation of the heights of points in the Shrub classified voxelized point cloud,,,,,,,,,,1
shrubs_l1_tgi,Shrub classified voxelized point cloud,General,Voxelized,Triangular greenness index of points in height strata,Triangular greenness index of points in the Shrub classified voxelized point cloud,,,,,,,,,,1
shrubs_l1_vari,Shrub classified voxelized point cloud,General,Voxelized,Visual atmospheric resistance index of points in height strata,Visual atmospheric resistance index of points in the Shrub classified voxelized point cloud,,,,,,,,,,1
shrubs_l1_skew,Shrub classified voxelized point cloud,General,Voxelized,Skewness of point heights in height strata,Skewness of point heights in the Shrub classified voxelized point cloud,,,,,,,,,,1
shrubs_l1_kurt,Shrub classified voxelized point cloud,General,Voxelized,Kurtosis of point heights in height strata,Kurtosis of point heights in the Shrub classified voxelized point cloud,,,,,,,,,,1
ShrubsN,Shrub data,Shrubs,Voxelized,Number of shrubs in the point cloud,Number of shrubs in the point cloud calculated from the cloth simulation filter method used to classify shrub points,,,,,,,,,,1
shrubArea,Shrub data,Shrubs,Voxelized,Area of shrubs in the point cloud (m‹¨«),Area of shrubs in the point cloud (m‹¨«) calculated from the cloth simulation filter method used to classify shrub points,,,,,,,,,,1
scaledShrubArea,Shrub data,Shrubs,Voxelized,Estimated area of shrubs per acre (ft‹¨«/acre),Estimated area of shrubs per acre (ft‹¨«/acre) calculated from the cloth simulation filter method used to classify shrub points,,,,,,,,,,1
MeanSH,Shrub data,Shrubs,Voxelized,Mean height of shrubs in the point cloud,Mean height of shrubs in the point cloud calculated from the cloth simulation filter method used to classify shrub points,,,,,,,,,,1
MeanSA,Shrub data,Shrubs,Voxelized,Mean area of shrubs in the point cloud,Mean area of shrubs in the point cloud calculated from the cloth simulation filter method used to classify shrub points,,,,,,,,,,1
MaxSH,Shrub data,Shrubs,Voxelized,Maximum height of shrubs in the point cloud,Maximum height of shrubs in the point cloud calculated from the cloth simulation filter method used to classify shrub points,,,,,,,,,,1
SDSHT,Shrub data,Shrubs,Voxelized,Standard deviation of height of shrubs in the point cloud,Standard deviation of height of shrubs in the point cloud calculated from the cloth simulation filter method used to classify shrub points,,,,,,,,,,1
MeanSD,Shrub data,Shrubs,Voxelized,Mean distance between centroids of shrubs in the point cloud,Mean distance between centroids of shrubs in the point cloud calculated from the cloth simulation filter method used to classify shrub points,,,,,,,,,,1
MaxSD,Shrub data,Shrubs,Voxelized,Maximum distance between centroids of shrubs in the point cloud,Maximum distance between centroids of shrubs in the point cloud calculated from the cloth simulation filter method used to classify shrub points,,,,,,,,,,1
MinSD,Shrub data,Shrubs,Voxelized,Minimum distance between centroids of shrubs in the point cloud,Minimum distance between centroids of shrubs in the point cloud calculated from the cloth simulation filter method used to classify shrub points,,,,,,,,,,1
SDSD,Shrub data,Shrubs,Voxelized,Standard deviation of distance between centroids of shrubs in the point cloud,Standard deviation of distance between centroids of shrubs in the point cloud calculated from the cloth simulation filter method used to classify shrub points,,,,,,,,,,1
fine_l1_cnt,0-3 m high voxelized point clouds with tree stems and shrubs removed,General,Voxelized,Count of points in height strata,Count of points in the 0-3 m high voxelized point clouds with tree stems and shrubs removed,,,,,,,,,,1
fine_l1_mean,0-3 m high voxelized point clouds with tree stems and shrubs removed,General,Voxelized,Mean height of points in height strata,Mean height of points in the 0-3 m high voxelized point clouds with tree stems and shrubs removed,,,,,,,,,,1
fine_l1_median,0-3 m high voxelized point clouds with tree stems and shrubs removed,General,Voxelized,Median height of points in height strata,Median height of points in height strata0-3 m high voxelized point clouds with tree stems and shrubs removed,,,,,,,,,,1
fine_l1_std,0-3 m high voxelized point clouds with tree stems and shrubs removed,General,Voxelized,Standard deviation of the heights of points in height strata,Standard deviation of the heights of points in the 0-3 m high voxelized point clouds with tree stems and shrubs removed,,,,,,,,,,1
fine_l1_tgi,0-3 m high voxelized point clouds with tree stems and shrubs removed,General,Voxelized,Triangular greenness index of points in height strata,Triangular greenness index of points in the 0-3 m high voxelized point clouds with tree stems and shrubs removed,,,,,,,,,,1
fine_l1_vari,0-3 m high voxelized point clouds with tree stems and shrubs removed,General,Voxelized,Visual atmospheric resistance index of points in height strata,Visual atmospheric resistance index of points in the 0-3 m high voxelized point clouds with tree stems and shrubs removed,,,,,,,,,,1
fine_l1_skew,0-3 m high voxelized point clouds with tree stems and shrubs removed,General,Voxelized,Skewness of point heights in height strata,Skewness of point heights in the 0-3 m high voxelized point clouds with tree stems and shrubs removed,,,,,,,,,,1
fine_l1_kurt,0-3 m high voxelized point clouds with tree stems and shrubs removed,General,Voxelized,Kurtosis of point heights in height strata,Kurtosis of point heights in the 0-3 m high voxelized point clouds with tree stems and shrubs removed,,,,,,,,,,1
hr0_10_l1_cnt,0-3 m high voxelized point clouds with tree stems and shrubs removed,General,Voxelized,Count of points in height strata,Count of points in the 0-3 m high voxelized point clouds with tree stems and shrubs removed and KNN analysis selecting for 0-10 hour fuel points,,,,,,,,,,1
hr0_10_l1_mean,0-3 m high voxelized point clouds with tree stems and shrubs removed,General,Voxelized,Mean height of points in height strata,Mean height of points in the 0-3 m high voxelized point clouds with tree stems and shrubs removed and KNN analysis selecting for 0-10 hour fuel points,,,,,,,,,,1
hr0_10_l1_median,0-3 m high voxelized point clouds with tree stems and shrubs removed,General,Voxelized,Median height of points in height strata,Median height of points in height strata0-3 m high voxelized point clouds with tree stems and shrubs removed and KNN analysis selecting for 0-10 hour fuel points,,,,,,,,,,1
hr0_10_l1_std,0-3 m high voxelized point clouds with tree stems and shrubs removed,General,Voxelized,Standard deviation of the heights of points in height strata,Standard deviation of the heights of points in the 0-3 m high voxelized point clouds with tree stems and shrubs removed and KNN analysis selecting for 0-10 hour fuel points,,,,,,,,,,1
hr0_10_l1_tgi,0-3 m high voxelized point clouds with tree stems and shrubs removed,General,Voxelized,Triangular greenness index of points in height strata,Triangular greenness index of points in the 0-3 m high voxelized point clouds with tree stems and shrubs removed and KNN analysis selecting for 0-10 hour fuel points,,,,,,,,,,1
hr0_10_l1_vari,0-3 m high voxelized point clouds with tree stems and shrubs removed,General,Voxelized,Visual atmospheric resistance index of points in height strata,Visual atmospheric resistance index of points in the 0-3 m high voxelized point clouds with tree stems and shrubs removed and KNN analysis selecting for 0-10 hour fuel points,,,,,,,,,,1
hr0_10_l1_skew,0-3 m high voxelized point clouds with tree stems and shrubs removed,General,Voxelized,Skewness of point heights in height strata,Skewness of point heights in the 0-3 m high voxelized point clouds with tree stems and shrubs removed and KNN analysis selecting for 0-10 hour fuel points,,,,,,,,,,1
hr0_10_l1_kurt,0-3 m high voxelized point clouds with tree stems and shrubs removed,General,Voxelized,Kurtosis of point heights in height strata,Kurtosis of point heights in the 0-3 m high voxelized point clouds with tree stems and shrubs removed and KNN analysis selecting for 0-10 hour fuel points,,,,,,,,,,1
hr100_1000_l1_cnt,0-3 m high voxelized point clouds with tree stems and shrubs removed,General,Voxelized,Count of points in height strata,Count of points in the 0-3 m high voxelized point clouds with tree stems and shrubs removed and KNN analysis selecting for 100-1000 hour fuel points,,,,,,,,,,1
hr100_1000_l1_mean,0-3 m high voxelized point clouds with tree stems and shrubs removed,General,Voxelized,Mean height of points in height strata,Mean height of points in the 0-3 m high voxelized point clouds with tree stems and shrubs removed and KNN analysis selecting for 100-1000 hour fuel points,,,,,,,,,,1
hr100_1000_l1_median,0-3 m high voxelized point clouds with tree stems and shrubs removed,General,Voxelized,Median height of points in height strata,Median height of points in height strata0-3 m high voxelized point clouds with tree stems and shrubs removed and KNN analysis selecting for 100-1000 hour fuel points,,,,,,,,,,1
hr100_1000_l1_std,0-3 m high voxelized point clouds with tree stems and shrubs removed,General,Voxelized,Standard deviation of the heights of points in height strata,Standard deviation of the heights of points in the 0-3 m high voxelized point clouds with tree stems and shrubs removed and KNN analysis selecting for 100-1000 hour fuel points,,,,,,,,,,1
hr100_1000_l1_tgi,0-3 m high voxelized point clouds with tree stems and shrubs removed,General,Voxelized,Triangular greenness index of points in height strata,Triangular greenness index of points in the 0-3 m high voxelized point clouds with tree stems and shrubs removed and KNN analysis selecting for 100-1000 hour fuel points,,,,,,,,,,1
hr100_1000_l1_vari,0-3 m high voxelized point clouds with tree stems and shrubs removed,General,Voxelized,Visual atmospheric resistance index of points in height strata,Visual atmospheric resistance index of points in the 0-3 m high voxelized point clouds with tree stems and shrubs removed and KNN analysis selecting for 100-1000 hour fuel points,,,,,,,,,,1
hr100_1000_l1_skew,0-3 m high voxelized point clouds with tree stems and shrubs removed,General,Voxelized,Skewness of point heights in height strata,Skewness of point heights in the 0-3 m high voxelized point clouds with tree stems and shrubs removed and KNN analysis selecting for 100-1000 hour fuel points,,,,,,,,,,1
hr100_1000_l1_kurt,0-3 m high voxelized point clouds with tree stems and shrubs removed,General,Voxelized,Kurtosis of point heights in height strata,Kurtosis of point heights in the 0-3 m high voxelized point clouds with tree stems and shrubs removed and KNN analysis selecting for 100-1000 hour fuel points,,,,,,,,,,1
